-- phpMyAdmin SQL Dump
-- version 5.2.1
-- https://www.phpmyadmin.net/
--
-- Servidor: 127.0.0.1
-- Tiempo de generación: 10-09-2025 a las 19:39:39
-- Versión del servidor: 10.4.32-MariaDB
-- Versión de PHP: 8.2.12

SET SQL_MODE = "NO_AUTO_VALUE_ON_ZERO";
START TRANSACTION;
SET time_zone = "+00:00";


/*!40101 SET @OLD_CHARACTER_SET_CLIENT=@@CHARACTER_SET_CLIENT */;
/*!40101 SET @OLD_CHARACTER_SET_RESULTS=@@CHARACTER_SET_RESULTS */;
/*!40101 SET @OLD_COLLATION_CONNECTION=@@COLLATION_CONNECTION */;
/*!40101 SET NAMES utf8mb4 */;

--
-- Base de datos: `tienda`
--

-- --------------------------------------------------------

--
-- Estructura de tabla para la tabla `clientes`
--

CREATE TABLE `clientes` (
  `ID` int(11) NOT NULL,
  `Nombre` varchar(255) NOT NULL
) ENGINE=InnoDB DEFAULT CHARSET=utf8mb4 COLLATE=utf8mb4_general_ci;

--
-- Volcado de datos para la tabla `clientes`
--

INSERT INTO `clientes` (`ID`, `Nombre`) VALUES
(1, 'Hermano Javi'),
(2, 'Hermano Alberto'),
(3, 'Hermano Rafa'),
(4, 'Hermano Lety'),
(5, 'Hermano Mari Macedo'),
(6, 'Anita (Dueña)'),
(7, 'Hermano Emanuel'),
(8, 'Hermano Javi Marques'),
(9, 'Marlene : )'),
(11, 'Hermana Paty'),
(12, 'Lupita'),
(13, 'Antozac'),
(14, 'Alex'),
(15, 'Hermana Anyi');

-- --------------------------------------------------------

--
-- Estructura de tabla para la tabla `cuentas`
--

CREATE TABLE `cuentas` (
  `ID` int(11) NOT NULL,
  `ID_Cliente` int(11) NOT NULL,
  `ID_Producto` int(11) NOT NULL,
  `Precio` decimal(10,4) NOT NULL,
  `Fecha` date NOT NULL DEFAULT (CURRENT_DATE),
  `Estado` tinyint(1) NOT NULL
) ENGINE=InnoDB DEFAULT CHARSET=utf8mb4 COLLATE=utf8mb4_general_ci;

-- --------------------------------------------------------

--
-- Estructura de tabla para la tabla `productos`
--

CREATE TABLE `productos` (
  `ID` int(11) NOT NULL,
  `Producto` varchar(100) NOT NULL,
  `Precio_Proveedor` decimal(10,4) DEFAULT NULL,
  `Unidades` int(11) DEFAULT NULL,
  `Precio_Unidad` decimal(10,4) DEFAULT NULL,
  `Precio_Publico` decimal(10,4) NOT NULL,
  `Fecha` date NOT NULL DEFAULT (CURRENT_DATE),
  `Codigo` varchar(100) DEFAULT NULL
) ENGINE=InnoDB DEFAULT CHARSET=utf8mb4 COLLATE=utf8mb4_general_ci;

--
-- Volcado de datos para la tabla `productos`
--

INSERT INTO `productos` (`ID`, `Producto`, `Precio_Proveedor`, `Unidades`, `Precio_Unidad`, `Precio_Publico`, `Fecha`, `Codigo`) VALUES
(1, 'Yogurt Alpura Manzana Deslactosado', 113.0000, 12, 9.4166, 15.0000, '2025-08-13 02:14:29', '7501055914791'),
(2, 'Rebana de pizza', 100.0000, 8, 12.5000, 20.0000, '2025-08-15 20:17:48', NULL),
(3, 'mini bubulubo', 95.0000, 25, 3.8000, 6.0000, '2025-08-15 20:17:48', '074323011616'),
(4, 'Mazapanes', 113.0000, 40, 2.8250, 5.0000, '2025-08-15 20:17:48', '724869007214'),
(5, 'Paletas payasos', 112.0000, 15, 8.1330, 15.0000, '2025-08-15 20:17:48', '074323099416'),
(6, 'Capuchinos', 115.0000, 20, 5.7500, 18.0000, '2025-08-15 20:17:48', NULL),
(7, 'Tarta Mix', 122.0000, 28, 4.3570, 8.0000, '2025-08-15 20:17:48', NULL),
(8, 'Galletas Salvado', 194.0000, 30, 6.4660, 12.0000, '2025-08-15 20:17:48', '7501035411432'),
(9, 'Amarantos', NULL, NULL, NULL, 5.0000, '2025-08-15 20:59:11', NULL),
(10, 'Arcoiris', NULL, NULL, NULL, 12.0000, '2025-08-15 20:59:11', '7501000624089'),
(11, 'Carlos V', NULL, NULL, NULL, 10.0000, '2025-08-15 20:59:11', NULL),
(12, 'chicles', NULL, NULL, NULL, 12.0000, '2025-08-15 20:59:11', NULL),
(13, 'Choco Zero Rojo', NULL, NULL, NULL, 18.0000, '2025-08-15 20:59:11', '7503022109100'),
(14, 'Cremax', NULL, NULL, NULL, 20.0000, '2025-08-15 20:59:11', NULL),
(15, 'Dulcesitos', NULL, NULL, NULL, 2.0000, '2025-08-15 20:59:11', NULL),
(16, 'Duvalin', NULL, NULL, NULL, 7.0000, '2025-08-15 20:59:11', NULL),
(17, 'Emperador Chicas', NULL, NULL, NULL, 12.0000, '2025-08-15 20:59:11', '7500478043675'),
(18, 'Emperador Medianas', NULL, NULL, NULL, 17.0000, '2025-08-15 20:59:11', NULL),
(19, 'Emperador Grandes', NULL, NULL, NULL, 19.0000, '2025-08-15 20:59:11', NULL),
(20, 'Galletas de avena', NULL, NULL, NULL, 12.0000, '2025-08-15 20:59:11', NULL),
(21, 'Mini Gelatinas', NULL, NULL, NULL, 4.0000, '2025-08-15 20:59:11', '603554035049'),
(22, 'Halls', NULL, NULL, NULL, 12.0000, '2025-08-15 20:59:11', '7622210267856'),
(23, 'Hershey\'s', NULL, NULL, NULL, 5.0000, '2025-08-15 20:59:11', NULL),
(24, 'Kisses', NULL, NULL, NULL, 3.0000, '2025-08-15 20:59:11', NULL),
(25, 'Kleenex', NULL, NULL, NULL, 10.0000, '2025-08-15 20:59:11', '7501017362950'),
(26, 'Lunetas', NULL, NULL, NULL, 5.0000, '2025-08-15 20:59:11', NULL),
(27, 'Mazapan de Chocolate', NULL, NULL, NULL, 7.0000, '2025-08-15 20:59:11', NULL),
(28, 'Mentitas 2pz', NULL, NULL, NULL, 1.0000, '2025-08-15 20:59:11', NULL),
(29, 'Mentos', NULL, NULL, NULL, 12.0000, '2025-08-15 20:59:11', NULL),
(30, 'Nutrinut', NULL, NULL, NULL, 3.5000, '2025-08-15 20:59:11', NULL),
(31, 'Palanqueta', NULL, NULL, NULL, 15.0000, '2025-08-15 20:59:11', NULL),
(32, 'Panditas', NULL, NULL, NULL, 15.0000, '2025-08-15 20:59:11', NULL),
(33, 'Pelon Grande', NULL, NULL, NULL, 18.0000, '2025-08-15 20:59:11', NULL),
(34, 'Plativolos', NULL, NULL, NULL, 19.0000, '2025-08-15 20:59:11', NULL),
(35, 'Paleta Chupa Chups', NULL, NULL, NULL, 2.0000, '2025-08-15 20:59:11', NULL),
(36, 'Paleta Pelon', NULL, NULL, NULL, 5.0000, '2025-08-15 20:59:11', NULL),
(37, 'Popotes de tamarindo', NULL, NULL, NULL, 4.0000, '2025-08-15 20:59:11', NULL),
(38, 'Pollitos de Chocolate', NULL, NULL, NULL, 5.0000, '2025-08-15 20:59:11', NULL),
(39, 'Pulparido Chico', NULL, NULL, NULL, 5.0000, '2025-08-15 20:59:11', '725226066660'),
(40, 'Pulparindo Grande', NULL, NULL, NULL, 10.0000, '2025-08-15 20:59:11', '725226001913'),
(41, 'Skittles', NULL, NULL, NULL, 10.0000, '2025-08-15 20:59:11', '7502226816944'),
(42, 'Tartaletas', NULL, NULL, NULL, 7.0000, '2025-08-15 20:59:11', NULL),
(43, 'Winnis Individual', NULL, NULL, NULL, 2.0000, '2025-08-15 20:59:11', NULL),
(44, 'Winnis Chicos', NULL, NULL, NULL, 3.5000, '2025-08-15 20:59:11', NULL),
(45, 'Winnis 7pzs', NULL, NULL, NULL, 5.0000, '2025-08-15 20:59:11', '754177505812'),
(46, 'Paletas Vero', NULL, NULL, NULL, 4.0000, '2025-08-15 20:59:11', NULL),
(47, 'Chocolates', NULL, NULL, NULL, 22.0000, '2025-08-15 20:59:11', NULL),
(48, 'Galletas Principe', NULL, NULL, NULL, 19.0000, '2025-08-15 20:59:11', NULL),
(49, 'Galletas Trikitrakets', NULL, NULL, NULL, 19.0000, '2025-08-15 20:59:11', NULL),
(50, 'Ricaleta', NULL, NULL, NULL, 5.0000, '2025-08-15 20:59:11', '659190000019'),
(51, 'Clorests 2pz', NULL, NULL, NULL, 2.0000, '2025-08-15 20:59:11', '75019907'),
(52, 'Cafe de Vaso', NULL, NULL, NULL, 18.0000, '2025-08-15 20:59:11', NULL),
(53, 'Cafe de taza', NULL, NULL, NULL, 12.0000, '2025-08-15 20:59:11', NULL),
(54, 'Te', NULL, NULL, NULL, 12.0000, '2025-08-15 20:59:11', NULL),
(55, 'Agua 600ml', NULL, NULL, NULL, 11.0000, '2025-08-15 20:59:11', NULL),
(56, 'Agua 1L', NULL, NULL, NULL, 13.0000, '2025-08-15 20:59:11', '7500525374486'),
(57, 'Agua 1.5L', NULL, NULL, NULL, 16.0000, '2025-08-15 20:59:11', '7500533013490'),
(58, 'Santa Clara Leche Chocolate 180ml', NULL, NULL, NULL, 15.0000, '2025-08-15 20:59:11', '7501055377183'),
(59, 'Juguitos', NULL, NULL, NULL, 15.0000, '2025-08-15 20:59:11', NULL),
(60, 'Cocas Chicas', NULL, NULL, NULL, 18.0000, '2025-08-15 20:59:11', NULL),
(61, 'Agua Mineral', NULL, NULL, NULL, 19.0000, '2025-08-15 20:59:11', NULL),
(62, 'Penafiel Adas Naranja 355ml', 230.0000, 24, 9.5800, 15.0000, '2025-08-15 20:59:11', '7501073841338'),
(63, 'Jumex', NULL, NULL, NULL, 18.0000, '2025-08-15 20:59:11', NULL),
(64, 'Cereal Corn Pops', NULL, NULL, NULL, 10.0000, '2025-08-15 20:59:11', '7501008010006'),
(65, 'Sabritas', NULL, NULL, NULL, 10.0000, '2025-08-15 20:59:11', NULL),
(66, 'Tortas', NULL, NULL, NULL, 28.0000, '2025-08-17 16:37:16', NULL),
(67, 'Tacos', NULL, NULL, NULL, 18.0000, '2025-08-17 16:37:31', NULL),
(68, 'Conchas', NULL, NULL, NULL, 15.0000, '2025-08-17 16:38:26', NULL),
(69, 'Avena Sin leche', NULL, NULL, NULL, 20.0000, '2025-08-17 16:38:58', NULL),
(70, 'Avena con Leche', NULL, NULL, NULL, 25.0000, '2025-08-17 16:39:11', NULL),
(71, 'Mentos menta', NULL, NULL, NULL, 1.0000, '2025-08-17 16:42:06', NULL),
(72, 'Boing Mango 250 ml', NULL, NULL, NULL, 15.0000, '2025-08-17 16:48:03', '75001759'),
(73, 'Gomitas', NULL, NULL, NULL, 8.0000, '2025-08-17 17:35:03', NULL),
(74, 'Doritos Chicos', NULL, NULL, NULL, 10.0000, '2025-08-17 17:50:03', '7501011125704'),
(75, 'Boing Manzana 200ml', NULL, NULL, NULL, 15.0000, '2025-08-24 17:06:16', '019836710083'),
(76, 'Cereal Zucaritas Chocolate', NULL, NULL, NULL, 10.0000, '2025-08-24 17:07:58', '7501008066584'),
(77, 'Cereal ChocoKrispis', NULL, NULL, NULL, 10.0000, '2025-08-24 17:08:32', '7501008019450'),
(78, 'Cereal Zucaritas', NULL, NULL, NULL, 10.0000, '2025-08-24 17:08:58', '7501008042854'),
(79, 'Cereal Froot Loops', NULL, NULL, NULL, 10.0000, '2025-08-24 17:09:24', '7501008041291'),
(80, 'Choco Zero Azul', NULL, NULL, NULL, 18.0000, '2025-08-24 17:11:35', '052551666396'),
(81, 'Coca Cola Zero', NULL, NULL, NULL, 18.0000, '2025-08-24 17:12:52', '7501055356256'),
(82, 'Chokis Chicas', NULL, NULL, NULL, 12.0000, '2025-08-24 17:15:33', '7500478008247'),
(83, 'Emperador Vainilla Chicas', NULL, NULL, NULL, 12.0000, '2025-08-24 17:16:20', '7500478012404'),
(84, 'Plati Volos', NULL, NULL, NULL, 19.0000, '2025-08-24 17:17:20', '7503029445294'),
(85, 'Santa Clara Leche Vainilla180ml', NULL, NULL, NULL, 15.0000, '2025-08-24 17:20:27', '7501055377206'),
(86, 'Santa Clara Leche Fresa 180ml', NULL, NULL, NULL, 15.0000, '2025-08-24 17:20:51', '7501055377190'),
(87, 'Rancheritos', NULL, NULL, NULL, 10.0000, '2025-08-24 17:24:34', '7501011125322'),
(88, 'Churrumais Chicos', NULL, NULL, NULL, 10.0000, '2025-08-24 17:24:56', '7501011132191'),
(89, 'Chetos Chicos', NULL, NULL, NULL, 10.0000, '2025-08-24 17:25:17', '7501011128323'),
(90, 'Rufles Queso Chicos', NULL, NULL, NULL, 10.0000, '2025-08-24 17:25:38', '7500478015610'),
(91, 'Yogurt Fresa Mora Deslactosado', NULL, NULL, NULL, 15.0000, '2025-08-24 17:30:35', '7501055916726'),
(92, 'Penafiel Lata 355ml', NULL, NULL, NULL, 18.0000, '2025-08-24 17:31:50', '7501073844162'),
(93, 'Boing Manzana 250 ml', NULL, NULL, NULL, 15.0000, '2025-08-24 17:33:40', '75001797'),
(94, 'Oreo Coronado', NULL, NULL, NULL, 15.0000, '2025-08-24 17:35:14', '7622210533159'),
(95, 'Oreo Original  63g', NULL, NULL, NULL, 15.0000, '2025-08-24 17:35:45', '7622210575401'),
(96, 'Mini Mamut', NULL, NULL, NULL, 5.0000, '2025-08-24 17:46:39', '7501000630363'),
(97, 'Paleta Tarrito', NULL, NULL, NULL, 4.0000, '2025-08-24 18:24:59', '7503030374552'),
(98, 'Paleta Trabalenguas', NULL, NULL, NULL, 4.0000, '2025-08-24 18:51:44', '759686200098'),
(99, 'Paletas de Mango', NULL, NULL, NULL, 4.0000, '2025-08-24 18:56:00', '7503030374651'),
(100, 'Paletas Sandi Brochas', NULL, NULL, NULL, 4.0000, '2025-08-24 18:56:46', '759686264687'),
(101, 'Paleta Elote', NULL, NULL, NULL, 4.0000, '2025-08-24 18:57:10', '7503030374613'),
(102, 'Paleta Chupadedo', NULL, NULL, NULL, 4.0000, '2025-08-24 18:59:14', '75039127'),
(103, 'Paleta Cupido', NULL, NULL, NULL, 4.0000, '2025-08-24 19:01:13', '7503030374736'),
(104, 'Paleta PintaAzul', NULL, NULL, NULL, 4.0000, '2025-08-24 19:02:25', '759686272682'),
(105, 'Paleta Manita', NULL, NULL, NULL, 4.0000, '2025-08-24 19:02:48', '7503030374583'),
(106, 'Santa Clara Leche Capuccino 180ml', NULL, NULL, NULL, 15.0000, '2025-08-24 19:34:57', '7501055377213'),
(107, 'cerillooooooooos', NULL, NULL, NULL, 30000.0000, '2025-08-24 20:01:08', '7501232002167'),
(108, 'Boing Mango Lata 340 ml', 316.1700, 24, 13.1700, 20.0000, '2025-08-31 17:13:54', '019836500028'),
(109, 'Boing Fresa Lata 340 ml', 316.1700, 24, 13.1700, 20.0000, '2025-08-31 17:16:01', '019836500011'),
(110, 'Boing Manzana Lata 340 ml', 316.1700, 24, 13.1700, 20.0000, '2025-08-31 17:16:58', '019836500301'),
(111, 'Boing Guayaba Lata 340 ml', 316.1700, 24, 13.1700, 20.0000, '2025-08-31 17:19:38', '019836500035'),
(112, 'Penafiel Adas Fresada 355ml', NULL, NULL, NULL, 15.0000, '2025-08-31 17:20:34', '7501073841543'),
(113, 'Penafiel Adas Limonada 355ml', NULL, NULL, NULL, 15.0000, '2025-08-31 17:21:38', '7501073841345'),
(114, 'Garden Veggie Straws Ranch 28g', NULL, NULL, NULL, 20.0000, '2025-08-31 17:23:04', '829515304935'),
(115, 'Garden Veggie Straws sal de mar 28g', NULL, NULL, NULL, 20.0000, '2025-08-31 17:24:25', '829515304928'),
(116, 'Garden Veggie Wavy Chips sal de mar 28g', NULL, NULL, NULL, 20.0000, '2025-08-31 17:24:50', '829515304942'),
(117, 'Huevo Hervido', NULL, NULL, NULL, 7.0000, '2025-08-31 17:29:33', NULL),
(118, 'Kinder Delice Pastelito', 195.0000, 15, 13.0000, 20.0000, '2025-08-31 17:34:06', '8000500267035'),
(119, 'Licuado Vaso', NULL, NULL, NULL, 25.0000, '2025-08-31 17:37:14', NULL),
(120, 'Orden de Huevos', NULL, NULL, NULL, 35.0000, '2025-08-31 18:42:06', NULL),
(121, 'Bubbaloo Fresa', NULL, NULL, NULL, 2.0000, '2025-08-31 19:57:38', '75073244'),
(122, 'MilkyWay', NULL, NULL, NULL, 22.0000, '2025-08-31 20:00:06', '7506174512200'),
(123, 'm&ms cacahuate 44.3g', NULL, NULL, NULL, 22.0000, '2025-08-31 20:01:18', '7502271911472'),
(124, 'Tlacoyo 1pz', NULL, NULL, NULL, 18.0000, '2025-09-07 17:14:08', NULL),
(125, 'Canada Dry Lata 237ml', NULL, NULL, NULL, 20.0000, '2025-09-07 17:38:57', '7501198353594');

-- --------------------------------------------------------

--
-- Estructura de tabla para la tabla `users`
--

CREATE TABLE `users` (
  `ID` int(11) NOT NULL,
  `User` varchar(100) DEFAULT NULL,
  `Passwd` varchar(255) DEFAULT NULL
) ENGINE=InnoDB DEFAULT CHARSET=utf8mb4 COLLATE=utf8mb4_general_ci;

--
-- Volcado de datos para la tabla `users`
--

INSERT INTO `users` (`ID`, `User`, `Passwd`) VALUES
(1, 'Administrator', 'Administrator');

-- --------------------------------------------------------

--
-- Estructura de tabla para la tabla `ventas`
--

CREATE TABLE `ventas` (
  `ID` int(11) NOT NULL,
  `ID_Producto` int(11) NOT NULL,
  `Precio` decimal(10,4) NOT NULL,
  `ID_Cliente` int(11) DEFAULT NULL,
  `Fecha` timestamp NOT NULL DEFAULT current_timestamp()
) ENGINE=InnoDB DEFAULT CHARSET=utf8mb4 COLLATE=utf8mb4_general_ci;

--
-- Volcado de datos para la tabla `ventas`
--

INSERT INTO `ventas` (`ID`, `ID_Producto`, `Precio`, `ID_Cliente`, `Fecha`) VALUES
(39, 68, 15.0000, NULL, '2025-08-17 16:43:20'),
(40, 67, 22.0000, 4, '2025-08-17 17:12:23'),
(41, 69, 20.0000, 4, '2025-08-17 17:12:23'),
(42, 54, 12.0000, 4, '2025-08-17 17:12:23'),
(43, 20, 12.0000, 4, '2025-08-17 17:12:23'),
(44, 58, 15.0000, NULL, '2025-08-17 17:44:45'),
(45, 66, 28.0000, NULL, '2025-08-17 17:46:51'),
(46, 66, 28.0000, NULL, '2025-08-17 17:46:51'),
(47, 53, 12.0000, NULL, '2025-08-17 17:48:28'),
(48, 68, 15.0000, NULL, '2025-08-17 17:50:37'),
(49, 74, 10.0000, NULL, '2025-08-17 17:50:50'),
(50, 68, 15.0000, NULL, '2025-08-17 17:53:48'),
(51, 66, 28.0000, NULL, '2025-08-17 17:54:10'),
(52, 3, 6.0000, NULL, '2025-08-17 18:02:43'),
(53, 72, 15.0000, NULL, '2025-08-17 18:02:43'),
(54, 68, 15.0000, NULL, '2025-08-17 18:30:08'),
(55, 69, 20.0000, NULL, '2025-08-17 18:30:52'),
(56, 66, 28.0000, NULL, '2025-08-17 18:30:52'),
(57, 68, 15.0000, NULL, '2025-08-17 18:33:01'),
(58, 52, 18.0000, NULL, '2025-08-17 19:03:23'),
(59, 52, 18.0000, NULL, '2025-08-17 19:03:23'),
(60, 54, 12.0000, NULL, '2025-08-17 19:03:57'),
(61, 66, 28.0000, NULL, '2025-08-17 19:04:39'),
(62, 66, 28.0000, NULL, '2025-08-17 19:04:39'),
(63, 67, 22.0000, NULL, '2025-08-17 19:05:11'),
(64, 67, 22.0000, NULL, '2025-08-17 19:05:11'),
(65, 67, 22.0000, NULL, '2025-08-17 19:05:11'),
(66, 67, 22.0000, NULL, '2025-08-17 19:05:11'),
(67, 69, 20.0000, NULL, '2025-08-17 19:06:12'),
(68, 59, 15.0000, NULL, '2025-08-17 19:07:14'),
(69, 60, 18.0000, NULL, '2025-08-17 19:47:46'),
(70, 55, 11.0000, NULL, '2025-08-17 20:15:49'),
(71, 67, 22.0000, 3, '2025-08-17 20:16:51'),
(72, 67, 22.0000, 3, '2025-08-17 20:16:51'),
(73, 60, 18.0000, 3, '2025-08-17 20:16:51'),
(74, 60, 18.0000, 3, '2025-08-17 20:16:51'),
(75, 68, 15.0000, 3, '2025-08-17 20:16:51'),
(76, 69, 20.0000, 3, '2025-08-17 20:16:51'),
(77, 73, 8.0000, NULL, '2025-08-17 20:22:48'),
(78, 51, 2.0000, NULL, '2025-08-17 20:29:47'),
(79, 66, 28.0000, 14, '2025-08-17 20:31:51'),
(80, 68, 15.0000, 14, '2025-08-17 20:31:51'),
(81, 60, 18.0000, 14, '2025-08-17 20:31:51'),
(82, 66, 28.0000, 4, '2025-08-17 20:43:02'),
(83, 66, 28.0000, 4, '2025-08-17 20:43:02'),
(84, 60, 18.0000, 4, '2025-08-17 20:43:02'),
(85, 28, 1.0000, 2, '2025-08-17 20:47:58'),
(86, 28, 1.0000, 2, '2025-08-17 20:47:58'),
(87, 66, 28.0000, 2, '2025-08-17 20:47:58'),
(88, 52, 18.0000, 2, '2025-08-17 20:47:58'),
(89, 72, 15.0000, 2, '2025-08-17 20:47:58'),
(90, 67, 22.0000, 11, '2025-08-17 20:50:00'),
(91, 67, 22.0000, 11, '2025-08-17 20:50:00'),
(92, 69, 20.0000, 5, '2025-08-17 20:59:13'),
(93, 62, 15.0000, 5, '2025-08-17 20:59:13'),
(94, 56, 13.0000, NULL, '2025-08-17 21:00:49'),
(95, 1, 15.0000, 6, '2025-08-17 21:03:23'),
(96, 62, 15.0000, 6, '2025-08-17 21:03:23'),
(97, 62, 15.0000, 6, '2025-08-17 21:03:23'),
(98, 66, 28.0000, 6, '2025-08-17 21:03:23'),
(99, 66, 28.0000, 6, '2025-08-17 21:03:23'),
(100, 66, 28.0000, 6, '2025-08-17 21:03:23'),
(101, 69, 20.0000, 6, '2025-08-17 21:03:23'),
(102, 67, 22.0000, 6, '2025-08-17 21:03:23'),
(103, 72, 15.0000, 6, '2025-08-17 21:03:23'),
(104, 67, 22.0000, 6, '2025-08-17 21:03:23'),
(105, 20, 12.0000, 6, '2025-08-17 21:03:23'),
(106, 57, 16.0000, 6, '2025-08-17 21:03:23'),
(107, 73, 8.0000, 6, '2025-08-17 21:03:23'),
(108, 55, 11.0000, 6, '2025-08-17 21:03:23'),
(109, 7, 8.0000, 6, '2025-08-17 21:03:23'),
(110, 62, 15.0000, 6, '2025-08-17 21:03:23'),
(111, 4, 5.0000, 6, '2025-08-17 21:03:23'),
(112, 5, 15.0000, NULL, '2025-08-24 16:36:07'),
(113, 21, 4.0000, NULL, '2025-08-24 17:00:00'),
(114, 21, 4.0000, NULL, '2025-08-24 17:00:00'),
(115, 86, 15.0000, NULL, '2025-08-24 17:48:02'),
(116, 60, 18.0000, NULL, '2025-08-24 17:48:02'),
(117, 58, 15.0000, NULL, '2025-08-24 17:48:56'),
(118, 7, 8.0000, NULL, '2025-08-24 17:48:56'),
(119, 7, 8.0000, NULL, '2025-08-24 17:49:27'),
(120, 20, 12.0000, NULL, '2025-08-24 17:49:27'),
(121, 66, 28.0000, NULL, '2025-08-24 18:04:14'),
(122, 66, 28.0000, NULL, '2025-08-24 18:04:14'),
(123, 66, 28.0000, NULL, '2025-08-24 18:14:59'),
(124, 66, 28.0000, NULL, '2025-08-24 18:14:59'),
(125, 53, 12.0000, NULL, '2025-08-24 18:14:59'),
(126, 79, 10.0000, NULL, '2025-08-24 18:14:59'),
(127, 59, 15.0000, NULL, '2025-08-24 18:14:59'),
(128, 87, 10.0000, NULL, '2025-08-24 18:15:31'),
(129, 60, 18.0000, 2, '2025-08-24 18:23:37'),
(130, 66, 28.0000, 2, '2025-08-24 18:23:37'),
(131, 60, 18.0000, 2, '2025-08-24 18:23:37'),
(132, 67, 18.0000, 2, '2025-08-24 18:23:37'),
(133, 55, 11.0000, NULL, '2025-08-24 18:25:14'),
(134, 84, 19.0000, NULL, '2025-08-24 18:26:08'),
(135, 92, 18.0000, NULL, '2025-08-24 19:06:57'),
(136, 66, 28.0000, NULL, '2025-08-24 19:20:38'),
(137, 68, 15.0000, NULL, '2025-08-24 19:20:38'),
(138, 51, 2.0000, NULL, '2025-08-24 19:30:22'),
(139, 51, 2.0000, NULL, '2025-08-24 19:30:22'),
(140, 51, 2.0000, NULL, '2025-08-24 19:30:22'),
(141, 51, 2.0000, NULL, '2025-08-24 19:30:22'),
(142, 51, 2.0000, NULL, '2025-08-24 19:30:22'),
(143, 55, 11.0000, NULL, '2025-08-24 19:30:22'),
(144, 72, 15.0000, NULL, '2025-08-24 19:33:00'),
(145, 15, 2.0000, NULL, '2025-08-24 19:33:00'),
(146, 15, 2.0000, NULL, '2025-08-24 19:33:00'),
(147, 15, 2.0000, NULL, '2025-08-24 19:33:00'),
(148, 62, 15.0000, 5, '2025-08-24 19:39:23'),
(149, 69, 20.0000, 5, '2025-08-24 19:39:23'),
(150, 69, 20.0000, 5, '2025-08-24 19:39:23'),
(151, 55, 11.0000, 9, '2025-08-24 19:54:41'),
(152, 73, 8.0000, NULL, '2025-08-24 20:15:23'),
(153, 17, 12.0000, NULL, '2025-08-24 20:15:23'),
(154, 66, 28.0000, 7, '2025-08-24 20:21:03'),
(155, 69, 20.0000, NULL, '2025-08-24 20:25:51'),
(156, 55, 11.0000, NULL, '2025-08-31 16:44:26'),
(157, 69, 20.0000, NULL, '2025-08-31 16:44:52'),
(158, 73, 8.0000, 13, '2025-08-31 16:45:55'),
(159, 88, 10.0000, 15, '2025-08-31 17:56:01'),
(160, 111, 20.0000, NULL, '2025-08-31 17:58:39'),
(161, 108, 20.0000, NULL, '2025-08-31 17:58:39'),
(162, 66, 28.0000, NULL, '2025-08-31 17:58:39'),
(163, 66, 28.0000, NULL, '2025-08-31 17:58:39'),
(164, 53, 12.0000, NULL, '2025-08-31 18:00:46'),
(165, 53, 12.0000, NULL, '2025-08-31 18:00:46'),
(166, 69, 20.0000, NULL, '2025-08-31 18:01:17'),
(167, 57, 16.0000, NULL, '2025-08-31 18:01:33'),
(168, 66, 28.0000, NULL, '2025-08-31 18:01:48'),
(169, 60, 18.0000, 3, '2025-08-31 19:17:04'),
(170, 60, 18.0000, 3, '2025-08-31 19:17:04'),
(171, 92, 18.0000, 3, '2025-08-31 19:17:04'),
(172, 120, 35.0000, 3, '2025-08-31 19:17:04'),
(173, 75, 15.0000, 3, '2025-08-31 19:17:04'),
(174, 117, 7.0000, 3, '2025-08-31 19:17:04'),
(175, 117, 7.0000, 3, '2025-08-31 19:17:04'),
(176, 13, 18.0000, NULL, '2025-08-31 19:18:52'),
(177, 22, 12.0000, NULL, '2025-08-31 19:38:25'),
(178, 73, 8.0000, NULL, '2025-08-31 19:38:25'),
(179, 118, 20.0000, NULL, '2025-08-31 20:08:41'),
(180, 66, 28.0000, NULL, '2025-08-31 20:20:15'),
(181, 66, 28.0000, NULL, '2025-08-31 20:20:15'),
(182, 69, 20.0000, 5, '2025-08-31 20:22:57'),
(183, 35, 2.0000, 5, '2025-08-31 20:22:57'),
(184, 109, 20.0000, NULL, '2025-08-31 20:23:29'),
(185, 121, 2.0000, NULL, '2025-08-31 20:24:30'),
(186, 121, 2.0000, NULL, '2025-08-31 20:24:30'),
(187, 82, 12.0000, NULL, '2025-08-31 20:25:14'),
(188, 10, 12.0000, NULL, '2025-08-31 20:25:14'),
(189, 68, 15.0000, 2, '2025-08-31 20:28:05'),
(190, 68, 15.0000, 2, '2025-08-31 20:28:05'),
(191, 109, 20.0000, 2, '2025-08-31 20:28:05'),
(192, 110, 20.0000, 2, '2025-08-31 20:28:05'),
(193, 66, 28.0000, 2, '2025-08-31 20:28:05'),
(194, 66, 28.0000, 2, '2025-08-31 20:28:05'),
(195, 62, 15.0000, 2, '2025-08-31 20:28:05'),
(196, 73, 8.0000, NULL, '2025-08-31 20:28:20'),
(197, 90, 10.0000, NULL, '2025-08-31 20:28:20'),
(198, 80, 18.0000, NULL, '2025-08-31 20:41:29'),
(199, 80, 18.0000, NULL, '2025-08-31 20:41:29'),
(200, 51, 2.0000, NULL, '2025-08-31 20:41:29'),
(201, 51, 2.0000, NULL, '2025-08-31 20:41:29'),
(202, 51, 2.0000, NULL, '2025-08-31 20:41:29'),
(203, 51, 2.0000, NULL, '2025-08-31 20:41:29'),
(204, 51, 2.0000, NULL, '2025-08-31 20:41:29'),
(205, 118, 20.0000, 9, '2025-08-31 20:41:41'),
(206, 108, 20.0000, 9, '2025-08-31 20:41:41'),
(207, 69, 20.0000, 4, '2025-08-31 20:56:26'),
(208, 71, 1.0000, 4, '2025-08-31 20:56:26'),
(209, 71, 1.0000, 4, '2025-08-31 20:56:26'),
(210, 66, 28.0000, 4, '2025-08-31 20:56:26'),
(211, 60, 18.0000, 4, '2025-08-31 20:56:26'),
(212, 69, 20.0000, 6, '2025-08-31 16:39:54'),
(213, 69, 20.0000, 6, '2025-08-31 16:39:54'),
(214, 57, 16.0000, 6, '2025-08-31 16:39:54'),
(215, 68, 15.0000, 6, '2025-08-31 16:39:54'),
(216, 68, 15.0000, NULL, '2025-09-07 17:02:06'),
(217, 68, 15.0000, NULL, '2025-09-07 17:02:06'),
(218, 60, 18.0000, NULL, '2025-09-07 17:02:06'),
(219, 60, 18.0000, NULL, '2025-09-07 17:02:06'),
(220, 75, 15.0000, NULL, '2025-09-07 18:05:03'),
(221, 28, 1.0000, NULL, '2025-09-07 18:05:45'),
(222, 66, 28.0000, NULL, '2025-09-07 18:06:41'),
(223, 89, 10.0000, NULL, '2025-09-07 18:08:56'),
(224, 89, 10.0000, NULL, '2025-09-07 18:08:56'),
(225, 56, 13.0000, NULL, '2025-09-07 18:08:56'),
(226, 53, 12.0000, NULL, '2025-09-07 18:08:56'),
(227, 66, 28.0000, NULL, '2025-09-07 18:09:30'),
(228, 69, 20.0000, NULL, '2025-09-07 18:09:39'),
(229, 66, 28.0000, NULL, '2025-09-07 18:10:18'),
(230, 69, 20.0000, NULL, '2025-09-07 18:10:18'),
(231, 52, 18.0000, NULL, '2025-09-07 18:10:18'),
(232, 66, 28.0000, NULL, '2025-09-07 18:11:46'),
(233, 66, 28.0000, NULL, '2025-09-07 18:11:46'),
(234, 66, 28.0000, NULL, '2025-09-07 19:04:00'),
(235, 96, 5.0000, NULL, '2025-09-07 19:42:37'),
(236, 96, 5.0000, NULL, '2025-09-07 19:42:37'),
(237, 125, 20.0000, 6, '2025-09-07 20:04:21'),
(238, 109, 20.0000, 6, '2025-09-07 20:04:21'),
(239, 124, 20.0000, 6, '2025-09-07 20:04:21'),
(240, 124, 20.0000, 6, '2025-09-07 20:04:21'),
(241, 124, 20.0000, 6, '2025-09-07 20:04:21'),
(242, 124, 20.0000, 6, '2025-09-07 20:04:21'),
(243, 57, 16.0000, 6, '2025-09-07 20:04:21'),
(244, 70, 25.0000, 6, '2025-09-07 20:04:21'),
(245, 70, 25.0000, 6, '2025-09-07 20:04:21'),
(246, 69, 20.0000, 6, '2025-09-07 20:04:21'),
(247, 120, 35.0000, 6, '2025-09-07 20:04:21'),
(248, 109, 20.0000, 6, '2025-09-07 20:04:21'),
(249, 113, 15.0000, 6, '2025-09-07 20:04:21'),
(250, 66, 28.0000, 6, '2025-09-07 20:04:21'),
(251, 66, 28.0000, 6, '2025-09-07 20:04:21'),
(252, 5, 15.0000, 9, '2025-09-07 20:10:26'),
(253, 5, 15.0000, 9, '2025-09-07 20:10:26'),
(254, 5, 15.0000, 9, '2025-09-07 20:10:26'),
(255, 45, 5.0000, 9, '2025-09-07 20:10:26'),
(256, 125, 20.0000, 9, '2025-09-07 20:10:26'),
(257, 108, 20.0000, 9, '2025-09-07 20:10:26'),
(258, 66, 28.0000, 3, '2025-09-07 20:29:03'),
(259, 60, 18.0000, 3, '2025-09-07 20:29:03'),
(260, 53, 12.0000, 3, '2025-09-07 20:29:03'),
(261, 55, 11.0000, 3, '2025-09-07 20:29:03'),
(262, 60, 18.0000, 3, '2025-09-07 20:29:03'),
(263, 55, 11.0000, 3, '2025-09-07 20:29:03'),
(264, 55, 11.0000, 3, '2025-09-07 20:29:03'),
(265, 124, 18.0000, 3, '2025-09-07 20:29:03'),
(266, 68, 15.0000, NULL, '2025-09-07 20:37:48'),
(267, 68, 15.0000, NULL, '2025-09-07 20:37:48'),
(268, 66, 28.0000, 2, '2025-09-07 20:41:37'),
(269, 62, 15.0000, 2, '2025-09-07 20:41:37');

--
-- Índices para tablas volcadas
--

--
-- Indices de la tabla `clientes`
--
ALTER TABLE `clientes`
  ADD PRIMARY KEY (`ID`);

--
-- Indices de la tabla `cuentas`
--
ALTER TABLE `cuentas`
  ADD PRIMARY KEY (`ID`),
  ADD KEY `ID_Cliente` (`ID_Cliente`),
  ADD KEY `ID_Producto` (`ID_Producto`);

--
-- Indices de la tabla `productos`
--
ALTER TABLE `productos`
  ADD PRIMARY KEY (`ID`);

--
-- Indices de la tabla `users`
--
ALTER TABLE `users`
  ADD PRIMARY KEY (`ID`);

--
-- Indices de la tabla `ventas`
--
ALTER TABLE `ventas`
  ADD PRIMARY KEY (`ID`),
  ADD KEY `ID_Producto` (`ID_Producto`),
  ADD KEY `ID_Cliente` (`ID_Cliente`);

--
-- AUTO_INCREMENT de las tablas volcadas
--

--
-- AUTO_INCREMENT de la tabla `clientes`
--
ALTER TABLE `clientes`
  MODIFY `ID` int(11) NOT NULL AUTO_INCREMENT, AUTO_INCREMENT=16;

--
-- AUTO_INCREMENT de la tabla `cuentas`
--
ALTER TABLE `cuentas`
  MODIFY `ID` int(11) NOT NULL AUTO_INCREMENT, AUTO_INCREMENT=168;

--
-- AUTO_INCREMENT de la tabla `productos`
--
ALTER TABLE `productos`
  MODIFY `ID` int(11) NOT NULL AUTO_INCREMENT, AUTO_INCREMENT=126;

--
-- AUTO_INCREMENT de la tabla `users`
--
ALTER TABLE `users`
  MODIFY `ID` int(11) NOT NULL AUTO_INCREMENT, AUTO_INCREMENT=3;

--
-- AUTO_INCREMENT de la tabla `ventas`
--
ALTER TABLE `ventas`
  MODIFY `ID` int(11) NOT NULL AUTO_INCREMENT, AUTO_INCREMENT=270;

--
-- Restricciones para tablas volcadas
--

--
-- Filtros para la tabla `cuentas`
--
ALTER TABLE `cuentas`
  ADD CONSTRAINT `cuentas_ibfk_1` FOREIGN KEY (`ID_Cliente`) REFERENCES `clientes` (`ID`),
  ADD CONSTRAINT `cuentas_ibfk_2` FOREIGN KEY (`ID_Producto`) REFERENCES `productos` (`ID`);

--
-- Filtros para la tabla `ventas`
--
ALTER TABLE `ventas`
  ADD CONSTRAINT `ventas_ibfk_1` FOREIGN KEY (`ID_Producto`) REFERENCES `productos` (`ID`),
  ADD CONSTRAINT `ventas_ibfk_2` FOREIGN KEY (`ID_Cliente`) REFERENCES `clientes` (`ID`);
COMMIT;

/*!40101 SET CHARACTER_SET_CLIENT=@OLD_CHARACTER_SET_CLIENT */;
/*!40101 SET CHARACTER_SET_RESULTS=@OLD_CHARACTER_SET_RESULTS */;
/*!40101 SET COLLATION_CONNECTION=@OLD_COLLATION_CONNECTION */;
